-- phpMyAdmin SQL Dump
-- version 4.2.7.1
-- http://www.phpmyadmin.net
--
-- Host: 127.0.0.1
-- Loomise aeg: Okt 14, 2014 kell 12:03 PL
-- Serveri versioon: 5.6.20
-- PHP versioon: 5.5.15

SET FOREIGN_KEY_CHECKS=0;
SET SQL_MODE = "NO_AUTO_VALUE_ON_ZERO";
SET time_zone = "+00:00";

--
-- Andmebaas: `blogi`
--

-- --------------------------------------------------------

--
-- Tabeli struktuur tabelile `comment`
--

DROP TABLE IF EXISTS `comment`;
CREATE TABLE IF NOT EXISTS `comment` (
`comment_id` int(10) unsigned NOT NULL,
  `comment_author` varchar(255) NOT NULL,
  `comment_text` text NOT NULL,
  `comment_time` timestamp NOT NULL DEFAULT CURRENT_TIMESTAMP,
  `post_id` int(10) unsigned NOT NULL
) ENGINE=InnoDB  DEFAULT CHARSET=latin1 AUTO_INCREMENT=6 ;

--
-- Andmete tõmmistamine tabelile `comment`
--

INSERT INTO `comment` (`comment_id`, `comment_author`, `comment_text`, `comment_time`, `post_id`) VALUES
(1, 'Wolks', 'kala', '2014-10-14 09:55:18', 1),
(2, 'Räim', 'kala', '2014-10-14 09:56:09', 1),
(3, 'Räim', 'haug', '2014-10-14 09:56:25', 1),
(4, 'Räim', 'OOOoooleeeen tiiigrikutsu', '2014-10-14 09:56:37', 1),
(5, 'Räim', 'See postitus ka toimib', '2014-10-14 09:58:49', 2);

-- --------------------------------------------------------

--
-- Tabeli struktuur tabelile `post`
--

DROP TABLE IF EXISTS `post`;
CREATE TABLE IF NOT EXISTS `post` (
`post_id` int(10) unsigned NOT NULL,
  `post_subject` varchar(255) NOT NULL,
  `post_text` text NOT NULL,
  `post_created` timestamp NOT NULL DEFAULT CURRENT_TIMESTAMP,
  `user_id` int(10) unsigned NOT NULL
) ENGINE=InnoDB  DEFAULT CHARSET=latin1 AUTO_INCREMENT=3 ;

--
-- Andmete tõmmistamine tabelile `post`
--

INSERT INTO `post` (`post_id`, `post_subject`, `post_text`, `post_created`, `user_id`) VALUES
(1, 'Tähtis pealkiri', 'IpsonIpsonIpsonIpsonIpsonIpsonIpsonIpsonIps', '2014-10-08 15:45:51', 1),
(2, 'Mingi teine oluline teema millest on vaja rääkida', 'Olulise teema tekst millest on vaja rääkida', '2014-10-14 09:57:47', 1);

-- --------------------------------------------------------

--
-- Tabeli struktuur tabelile `post_tags`
--

DROP TABLE IF EXISTS `post_tags`;
CREATE TABLE IF NOT EXISTS `post_tags` (
  `post_id` int(11) unsigned NOT NULL,
  `tag_id` int(11) unsigned NOT NULL
) ENGINE=InnoDB DEFAULT CHARSET=latin1;

--
-- Andmete tõmmistamine tabelile `post_tags`
--

INSERT INTO `post_tags` (`post_id`, `tag_id`) VALUES
(1, 1),
(2, 2);

-- --------------------------------------------------------

--
-- Tabeli struktuur tabelile `tag`
--

DROP TABLE IF EXISTS `tag`;
CREATE TABLE IF NOT EXISTS `tag` (
`tag_id` int(10) unsigned NOT NULL,
  `tag_name` varchar(25) NOT NULL
) ENGINE=InnoDB  DEFAULT CHARSET=latin1 AUTO_INCREMENT=3 ;

--
-- Andmete tõmmistamine tabelile `tag`
--

INSERT INTO `tag` (`tag_id`, `tag_name`) VALUES
(1, 'mingi sõna'),
(2, 'mingisugune');

-- --------------------------------------------------------

--
-- Tabeli struktuur tabelile `user`
--

DROP TABLE IF EXISTS `user`;
CREATE TABLE IF NOT EXISTS `user` (
`user_id` int(10) unsigned NOT NULL,
  `username` varchar(25) NOT NULL,
  `password` varchar(255) NOT NULL,
  `deleted` tinyint(3) unsigned NOT NULL DEFAULT '0'
) ENGINE=InnoDB  DEFAULT CHARSET=utf8 AUTO_INCREMENT=2 ;

--
-- Andmete tõmmistamine tabelile `user`
--

INSERT INTO `user` (`user_id`, `username`, `password`, `deleted`) VALUES
(1, 'demo', 'demo', 0);

--
-- Indeksid tõmmistatud tabelitele
--

--
-- Indeksid tabelile `comment`
--
ALTER TABLE `comment`
 ADD PRIMARY KEY (`comment_id`), ADD KEY `post_id` (`post_id`);

--
-- Indeksid tabelile `post`
--
ALTER TABLE `post`
 ADD PRIMARY KEY (`post_id`), ADD KEY `user_id` (`user_id`);

--
-- Indeksid tabelile `post_tags`
--
ALTER TABLE `post_tags`
 ADD PRIMARY KEY (`post_id`,`tag_id`), ADD KEY `tag_id` (`tag_id`);

--
-- Indeksid tabelile `tag`
--
ALTER TABLE `tag`
 ADD PRIMARY KEY (`tag_id`);

--
-- Indeksid tabelile `user`
--
ALTER TABLE `user`
 ADD PRIMARY KEY (`user_id`);

--
-- AUTO_INCREMENT tõmmistatud tabelitele
--

--
-- AUTO_INCREMENT tabelile `comment`
--
ALTER TABLE `comment`
MODIFY `comment_id` int(10) unsigned NOT NULL AUTO_INCREMENT,AUTO_INCREMENT=6;
--
-- AUTO_INCREMENT tabelile `post`
--
ALTER TABLE `post`
MODIFY `post_id` int(10) unsigned NOT NULL AUTO_INCREMENT,AUTO_INCREMENT=3;
--
-- AUTO_INCREMENT tabelile `tag`
--
ALTER TABLE `tag`
MODIFY `tag_id` int(10) unsigned NOT NULL AUTO_INCREMENT,AUTO_INCREMENT=3;
--
-- AUTO_INCREMENT tabelile `user`
--
ALTER TABLE `user`
MODIFY `user_id` int(10) unsigned NOT NULL AUTO_INCREMENT,AUTO_INCREMENT=2;
--
-- Tõmmistatud tabelite piirangud
--

--
-- Piirangud tabelile `post`
--
ALTER TABLE `post`
ADD CONSTRAINT `post_ibfk_1` FOREIGN KEY (`user_id`) REFERENCES `user` (`user_id`);
SET FOREIGN_KEY_CHECKS=1;
